<?xml version="1.0" encoding="UTF-8"?>
<beans xmlns="http://www.springframework.org/schema/beans"
	xmlns:xsi="http://www.w3.org/2001/XMLSchema-instance"
	xmlns:mybatis-spring="http://mybatis.org/schema/mybatis-spring"
	xsi:schemaLocation="http://www.springframework.org/schema/beans https://www.springframework.org/schema/beans/spring-beans.xsd
	http://mybatis.org/schema/mybatis-spring https://mybatis.org/schema/mybatis-spring.xsd">
	
	
	<!-- Root Context: defines shared resources visible to all other web components -->
		
		<bean id="hikariConfig" class="com.zaxxer.hikari.HikariConfig">
			<property name="driverClassName" value="oracle.jdbc.driver.OracleDriver"/>
			<property name="jdbcUrl" value="jdbc:oracle:thin:@localhost:1521:XE"/>
			<property name="username" value="team"/>
			<property name="password" value="1111"/>
		</bean>
		
		<bean id="dataSource" class="com.zaxxer.hikari.HikariDataSource" destroy-method="close">
			<constructor-arg ref="hikariConfig" />
		</bean>
		<mybatis-spring:scan base-package="com.soldesk.mapper"/>
		
		<bean class="org.mybatis.spring.SqlSessionFactoryBean">
			<property name="dataSource" ref="dataSource" />
		</bean>
</beans>
